{"g_noise": 20, "g_1": 550, "g_2": 1300, "g_3": 900, "c_1": 950, "c_2": 200, "c_3": 100, "lr_gen": 0.02567138797503065, "lr_disc": 0.058683794350679885, "l2_lambda_gen": 0.004255708410320859, "l2_lambda_disc": 0.008385307637453987, "batch_size": 250}