{"g_noise": 90, "g_1": 750, "g_2": 1000, "g_3": 600, "c_1": 175, "c_2": 250, "c_3": 20, "lr_gen": 0.0036918907403788916, "lr_disc": 0.03967747223171654, "l2_lambda_gen": 0.018730574912693768, "l2_lambda_disc": 0.04418011766346654, "batch_size": 150}