{"g_noise": 40, "g_1": 550, "g_2": 1800, "g_3": 900, "c_1": 450, "c_2": 275, "c_3": 30, "lr_gen": 0.006703483100938975, "lr_disc": 0.001303921393220027, "l2_lambda_gen": 0.06320463966777909, "l2_lambda_disc": 0.05274284979987593, "batch_size": 100}