{"g_noise": 100, "g_1": 1000, "g_2": 1100, "g_3": 500, "c_1": 275, "c_2": 325, "c_3": 30, "lr_gen": 0.004964006639632222, "lr_disc": 0.0503953708696157, "l2_lambda_gen": 0.002435054658983353, "l2_lambda_disc": 0.055460586929697825, "batch_size": 300}