{"g_noise": 70, "g_1": 850, "g_2": 1100, "g_3": 700, "c_1": 700, "c_2": 700, "c_3": 100, "lr_gen": 0.02095191763229471, "lr_disc": 0.02308938998321179, "l2_lambda_gen": 0.06753798290747731, "l2_lambda_disc": 0.002732966290053514, "batch_size": 100}