{"g_noise": 20, "g_1": 550, "g_2": 1200, "g_3": 1000, "c_1": 400, "c_2": 225, "c_3": 200, "lr_gen": 0.0321660870424823, "lr_disc": 0.06572633330461981, "l2_lambda_gen": 0.04168611577264076, "l2_lambda_disc": 0.00113344109909214, "batch_size": 50}