{"g_noise": 20, "g_1": 1000, "g_2": 2000, "g_3": 1000, "c_1": 500, "c_2": 250, "c_3": 550, "lr_gen": 0.04757451420750133, "lr_disc": 0.06231914622709007, "l2_lambda_gen": 0.06750655549082593, "l2_lambda_disc": 0.019072726096661007, "batch_size": 250}