{"g_noise": 0, "g_1": 650, "g_2": 1700, "g_3": 900, "c_1": 950, "c_2": 650, "c_3": 300, "lr_gen": 0.004203328412270247, "lr_disc": 0.016579642870238016, "l2_lambda_gen": 0.09401701661485562, "l2_lambda_disc": 0.0013130039848254747, "batch_size": 150}