{"g_noise": 40, "g_1": 1000, "g_2": 1000, "g_3": 700, "c_1": 450, "c_2": 275, "c_3": 225, "lr_gen": 0.031826389119779225, "lr_disc": 0.027490152322718554, "l2_lambda_gen": 0.0640841620778039, "l2_lambda_disc": 0.01845795673967343, "batch_size": 50}