{"g_noise": 50, "g_1": 900, "g_2": 1400, "g_3": 900, "c_1": 800, "c_2": 550, "c_3": 500, "lr_gen": 0.037051234743548225, "lr_disc": 0.07935916404071734, "l2_lambda_gen": 0.006123166081607649, "l2_lambda_disc": 0.05481890779658554, "batch_size": 150}