{"g_noise": 0, "g_1": 1000, "g_2": 1700, "g_3": 1000, "c_1": 950, "c_2": 250, "c_3": 300, "lr_gen": 0.030687296810730676, "lr_disc": 0.011330493262327442, "l2_lambda_gen": 0.050712980944516914, "l2_lambda_disc": 0.06681497111438896, "batch_size": 100}