{"g_noise": 50, "g_1": 700, "g_2": 1200, "g_3": 600, "c_1": 650, "c_2": 500, "c_3": 50, "lr_gen": 0.027799557585020656, "lr_disc": 0.05180053075145588, "l2_lambda_gen": 0.04821881366641562, "l2_lambda_disc": 0.003253401337288149, "batch_size": 250}