{"c_1": 300, "c_2": 150, "c_3": 50, "c_4": 150, "lr_disc": 0.002825474430171889, "l2_lambda_disc": 0.011814884001642746, "batch_size": 250}