{"g_noise": 30, "g_1": 800, "g_2": 1300, "g_3": 900, "c_1": 450, "c_2": 125, "c_3": 150, "lr_gen": 0.06714975112553481, "lr_disc": 0.06567389275963136, "l2_lambda_gen": 0.0013030718008563622, "l2_lambda_disc": 0.06410006767930834, "batch_size": 50}