{"g_noise": 80, "g_1": 500, "g_2": 1700, "g_3": 950, "c_1": 650, "c_2": 250, "c_3": 550, "lr_gen": 0.004782762896707388, "lr_disc": 0.02758361310455607, "l2_lambda_gen": 0.016989398575625578, "l2_lambda_disc": 0.09891018747621952, "batch_size": 300}