{"g_noise": 0, "g_1": 550, "g_2": 1600, "g_3": 900, "c_1": 550, "c_2": 550, "c_3": 200, "lr_gen": 0.07104877844372189, "lr_disc": 0.08219222838678915, "l2_lambda_gen": 0.04721978352231421, "l2_lambda_disc": 0.023818719586373414, "batch_size": 350}