{"g_noise": 10, "g_1": 1000, "g_2": 2000, "g_3": 650, "c_1": 600, "c_2": 200, "c_3": 100, "lr_gen": 0.06957800380401997, "lr_disc": 0.038535220471098856, "l2_lambda_gen": 0.0645597036809775, "l2_lambda_disc": 0.01444354638615502, "batch_size": 350}