{"g_noise": 20, "g_1": 1000, "g_2": 1600, "g_3": 650, "c_1": 700, "c_2": 550, "c_3": 100, "lr_gen": 0.027846059594763977, "lr_disc": 0.060417755297186765, "l2_lambda_gen": 0.04762803797201218, "l2_lambda_disc": 0.06564204280741924, "batch_size": 250}