{"g_noise": 40, "g_1": 900, "g_2": 1000, "g_3": 800, "c_1": 1000, "c_2": 250, "c_3": 400, "lr_gen": 0.07286022995727391, "lr_disc": 0.006512886213624873, "l2_lambda_gen": 0.018335805764751033, "l2_lambda_disc": 0.01112105390378089, "batch_size": 250}