{"g_noise": 60, "g_1": 950, "g_2": 1500, "g_3": 950, "c_1": 700, "c_2": 250, "c_3": 250, "lr_gen": 0.006613491774660136, "lr_disc": 0.09994681367663265, "l2_lambda_gen": 0.07144156258980897, "l2_lambda_disc": 0.05787775624308967, "batch_size": 50}