{"g_noise": 90, "g_1": 700, "g_2": 1550, "g_3": 850, "c_1": 550, "c_2": 350, "c_3": 30, "lr_gen": 0.015842269844207564, "lr_disc": 0.07776908475658323, "l2_lambda_gen": 0.0066643218534392056, "l2_lambda_disc": 0.03591362945807297, "batch_size": 50}