{"g_noise": 70, "g_1": 1150, "g_2": 1450, "g_3": 700, "c_1": 350, "c_2": 375, "c_3": 200, "lr_gen": 0.06405318073277838, "lr_disc": 0.0018663279117926727, "l2_lambda_gen": 0.06822447706439011, "l2_lambda_disc": 0.03870504716065407, "batch_size": 200}