{"g_noise": 0, "g_1": 950, "g_2": 1500, "g_3": 900, "c_1": 900, "c_2": 700, "c_3": 100, "lr_gen": 0.03738812624593896, "lr_disc": 0.046462968635288794, "l2_lambda_gen": 0.022278532449863258, "l2_lambda_disc": 0.03592862000610205, "batch_size": 100}