{"g_noise": 100, "g_1": 550, "g_2": 1000, "g_3": 1000, "c_1": 200, "c_2": 250, "c_3": 200, "lr_gen": 0.006434721313739617, "lr_disc": 0.001300269825251638, "l2_lambda_gen": 0.008676457696193195, "l2_lambda_disc": 0.004112844540871874, "batch_size": 300}