{"g_noise": 30, "g_1": 550, "g_2": 1100, "g_3": 700, "c_1": 150, "c_2": 275, "c_3": 50, "lr_gen": 0.0890571528078113, "lr_disc": 0.004950047761623147, "l2_lambda_gen": 0.07376580539389546, "l2_lambda_disc": 0.027890501297379276, "batch_size": 50}