{"g_noise": 30, "g_1": 1000, "g_2": 1000, "g_3": 850, "c_1": 1000, "c_2": 350, "c_3": 550, "lr_gen": 0.04407401996835231, "lr_disc": 0.06283315626498868, "l2_lambda_gen": 0.035369417952145474, "l2_lambda_disc": 0.04397520046793109, "batch_size": 50}