{"g_noise": 10, "g_1": 750, "g_2": 1000, "g_3": 600, "c_1": 325, "c_2": 200, "c_3": 20, "lr_gen": 0.0085025631679675, "lr_disc": 0.07015443430981701, "l2_lambda_gen": 0.034682121306785, "l2_lambda_disc": 0.003990628437700133, "batch_size": 350}