{"g_noise": 0, "g_1": 1000, "g_2": 1800, "g_3": 700, "c_1": 275, "c_2": 150, "c_3": 200, "lr_gen": 0.017750412010780287, "lr_disc": 0.005617433469253514, "l2_lambda_gen": 0.0049562913721432076, "l2_lambda_disc": 0.09525360763318415, "batch_size": 300}