{"g_noise": 40, "g_1": 500, "g_2": 1900, "g_3": 1000, "c_1": 150, "c_2": 175, "c_3": 20, "lr_gen": 0.0032161061589168834, "lr_disc": 0.07935158700723703, "l2_lambda_gen": 0.09485724617259239, "l2_lambda_disc": 0.011125307909722534, "batch_size": 250}