{"g_noise": 40, "g_1": 650, "g_2": 1100, "g_3": 800, "c_1": 275, "c_2": 250, "c_3": 75, "lr_gen": 0.03666224335404526, "lr_disc": 0.037588454096955715, "l2_lambda_gen": 0.036638794752164056, "l2_lambda_disc": 0.01059978508440437, "batch_size": 250}