{"g_noise": 0, "g_1": 500, "g_2": 1900, "g_3": 600, "c_1": 400, "c_2": 150, "c_3": 200, "lr_gen": 0.016670541042469695, "lr_disc": 0.043621156711727754, "l2_lambda_gen": 0.0015845114330059404, "l2_lambda_disc": 0.06897459696995463, "batch_size": 50}