{"g_noise": 40, "g_1": 650, "g_2": 1400, "g_3": 500, "c_1": 200, "c_2": 200, "c_3": 150, "lr_gen": 0.07166841431550933, "lr_disc": 0.018473681771113658, "l2_lambda_gen": 0.04802839214437828, "l2_lambda_disc": 0.01446043401180145, "batch_size": 100}