{"g_noise": 80, "g_1": 600, "g_2": 2000, "g_3": 500, "c_1": 600, "c_2": 650, "c_3": 450, "lr_gen": 0.0016789838979383007, "lr_disc": 0.08395065568560937, "l2_lambda_gen": 0.030162778104985376, "l2_lambda_disc": 0.06441846903241376, "batch_size": 150}