{"g_noise": 30, "g_1": 1050, "g_2": 1250, "g_3": 1050, "c_1": 325, "c_2": 450, "c_3": 50, "lr_gen": 0.005068326247350653, "lr_disc": 0.06392014087267425, "l2_lambda_gen": 0.060790136857960815, "l2_lambda_disc": 0.0035829222860994936, "batch_size": 300}