{"g_noise": 100, "g_1": 700, "g_2": 1000, "g_3": 950, "c_1": 950, "c_2": 650, "c_3": 400, "lr_gen": 0.06932703909574636, "lr_disc": 0.06276732236755421, "l2_lambda_gen": 0.036092806544390565, "l2_lambda_disc": 0.03705976429181095, "batch_size": 150}