{"g_noise": 0, "g_1": 700, "g_2": 1400, "g_3": 600, "c_1": 175, "c_2": 325, "c_3": 20, "lr_gen": 0.009412591076801362, "lr_disc": 0.04330703008467165, "l2_lambda_gen": 0.08904868616680321, "l2_lambda_disc": 0.03170392310471243, "batch_size": 300}