{"g_noise": 60, "g_1": 950, "g_2": 1600, "g_3": 750, "c_1": 400, "c_2": 325, "c_3": 125, "lr_gen": 0.021948859240689143, "lr_disc": 0.003044943750381799, "l2_lambda_gen": 0.050494070114021274, "l2_lambda_disc": 0.004005057790947127, "batch_size": 150}