{"g_noise": 80, "g_1": 850, "g_2": 1300, "g_3": 550, "c_1": 750, "c_2": 500, "c_3": 50, "lr_gen": 0.09418249559274801, "lr_disc": 0.027065708302772613, "l2_lambda_gen": 0.08252184285901015, "l2_lambda_disc": 0.051554387917715015, "batch_size": 350}