{"g_noise": 50, "g_1": 850, "g_2": 1900, "g_3": 550, "c_1": 750, "c_2": 700, "c_3": 550, "lr_gen": 0.006719982997548292, "lr_disc": 0.09143717660512259, "l2_lambda_gen": 0.06061470130695869, "l2_lambda_disc": 0.029399357350066893, "batch_size": 300}