{"g_noise": 0, "g_1": 850, "g_2": 1000, "g_3": 900, "c_1": 900, "c_2": 250, "c_3": 150, "lr_gen": 0.04478940440014395, "lr_disc": 0.0625958760410022, "l2_lambda_gen": 0.013912447236066182, "l2_lambda_disc": 0.04941020809714062, "batch_size": 50}