{"g_noise": 50, "g_1": 650, "g_2": 1100, "g_3": 750, "c_1": 250, "c_2": 225, "c_3": 30, "lr_gen": 0.020231919933990927, "lr_disc": 0.010957896336562033, "l2_lambda_gen": 0.031104445473910346, "l2_lambda_disc": 0.002940809300287124, "batch_size": 200}