{"c_1": 150, "c_2": 175, "c_3": 200, "c_4": 40, "lr_disc": 0.004940382718882369, "l2_lambda_disc": 0.007571703865189428, "batch_size": 350}