{"g_noise": 70, "g_1": 750, "g_2": 2000, "g_3": 1000, "c_1": 1000, "c_2": 200, "c_3": 550, "lr_gen": 0.06150867060293911, "lr_disc": 0.02595790996780669, "l2_lambda_gen": 0.04793331232563783, "l2_lambda_disc": 0.0015359348354516272, "batch_size": 100}