{"g_noise": 70, "g_1": 900, "g_2": 1300, "g_3": 600, "c_1": 225, "c_2": 150, "c_3": 125, "lr_gen": 0.006867277295706081, "lr_disc": 0.09001658264656946, "l2_lambda_gen": 0.05167015415732568, "l2_lambda_disc": 0.03929670717089738, "batch_size": 150}