{"g_noise": 0, "g_1": 600, "g_2": 1100, "g_3": 550, "c_1": 275, "c_2": 125, "c_3": 225, "lr_gen": 0.09727638218515651, "lr_disc": 0.03632062593151069, "l2_lambda_gen": 0.02881552538826197, "l2_lambda_disc": 0.019263280220643497, "batch_size": 300}