{"g_noise": 10, "g_1": 800, "g_2": 1800, "g_3": 500, "c_1": 550, "c_2": 400, "c_3": 150, "lr_gen": 0.08257167441565967, "lr_disc": 0.09193867201966141, "l2_lambda_gen": 0.0076316754149867855, "l2_lambda_disc": 0.050076498110409165, "batch_size": 150}