{"g_noise": 30, "g_1": 600, "g_2": 1600, "g_3": 1000, "c_1": 325, "c_2": 200, "c_3": 50, "lr_gen": 0.02343522684193104, "lr_disc": 0.021203232291670843, "l2_lambda_gen": 0.009501841279095855, "l2_lambda_disc": 0.09825032690172891, "batch_size": 200}