{"g_noise": 0, "g_1": 800, "g_2": 1700, "g_3": 650, "c_1": 200, "c_2": 275, "c_3": 50, "lr_gen": 0.07364694563665826, "lr_disc": 0.09131941894832318, "l2_lambda_gen": 0.03744707083253815, "l2_lambda_disc": 0.08700036683340394, "batch_size": 250}