{"g_noise": 70, "g_1": 800, "g_2": 1300, "g_3": 1000, "c_1": 800, "c_2": 350, "c_3": 150, "lr_gen": 0.0026003463046204234, "lr_disc": 0.07705382295737426, "l2_lambda_gen": 0.013396296109615742, "l2_lambda_disc": 0.002745120228755777, "batch_size": 150}