{"g_noise": 0, "g_1": 700, "g_2": 1550, "g_3": 1050, "c_1": 375, "c_2": 275, "c_3": 10, "lr_gen": 0.02943937092996429, "lr_disc": 0.03517866474226696, "l2_lambda_gen": 0.07177233714736062, "l2_lambda_disc": 0.09709664486265272, "batch_size": 300}