{"g_noise": 100, "g_1": 850, "g_2": 1000, "g_3": 550, "c_1": 175, "c_2": 225, "c_3": 75, "lr_gen": 0.0541844426409577, "lr_disc": 0.05796422507722296, "l2_lambda_gen": 0.0011975488976641157, "l2_lambda_disc": 0.05922124678771481, "batch_size": 200}