{"g_noise": 20, "g_1": 850, "g_2": 1000, "g_3": 600, "c_1": 400, "c_2": 250, "c_3": 50, "lr_gen": 0.09213946737418058, "lr_disc": 0.004102765584721784, "l2_lambda_gen": 0.031568437910198324, "l2_lambda_disc": 0.046247123736526105, "batch_size": 150}