{"g_noise": 40, "g_1": 1100, "g_2": 2150, "g_3": 800, "c_1": 550, "c_2": 350, "c_3": 30, "lr_gen": 0.054721399357477024, "lr_disc": 0.0037117832583916043, "l2_lambda_gen": 0.025499031955138488, "l2_lambda_disc": 0.018657756668477007, "batch_size": 350}