{"g_noise": 90, "g_1": 750, "g_2": 1650, "g_3": 1100, "c_1": 325, "c_2": 275, "c_3": 125, "lr_gen": 0.0816691556468087, "lr_disc": 0.06839252438800462, "l2_lambda_gen": 0.0699809873835454, "l2_lambda_disc": 0.09921806414458996, "batch_size": 150}