{"c_1": 200, "c_2": 150, "c_3": 200, "c_4": 100,"lr_disc": 0.0052818445216374936, "l2_lambda_disc": 0.014318197000925768, "batch_size": 250}