{"g_noise": 0, "g_1": 1000, "g_2": 2000, "g_3": 950, "c_1": 150, "c_2": 275, "c_3": 150, "lr_gen": 0.0038390785972646974, "lr_disc": 0.08871454965681767, "l2_lambda_gen": 0.024402941629200838, "l2_lambda_disc": 0.03958748569684295, "batch_size": 350}