{"g_noise": 10, "g_1": 900, "g_2": 2000, "g_3": 900, "c_1": 650, "c_2": 700, "c_3": 550, "lr_gen": 0.0013933321080497468, "lr_disc": 0.005932448347156123, "l2_lambda_gen": 0.060823241780388684, "l2_lambda_disc": 0.042027492384137, "batch_size": 200}