{"g_noise": 20, "g_1": 950, "g_2": 1200, "g_3": 950, "c_1": 175, "c_2": 200, "c_3": 200, "lr_gen": 0.05075846850277852, "lr_disc": 0.058470559336352854, "l2_lambda_gen": 0.025743504453744744, "l2_lambda_disc": 0.06937187689792193, "batch_size": 250}