{"g_noise": 40, "g_1": 700, "g_2": 1600, "g_3": 750, "c_1": 150, "c_2": 225, "c_3": 100, "lr_gen": 0.017035228872985475, "lr_disc": 0.07558443326819354, "l2_lambda_gen": 0.07030057019669506, "l2_lambda_disc": 0.09741981535773689, "batch_size": 200}