{"g_noise": 100, "g_1": 1000, "g_2": 1500, "g_3": 650, "c_1": 550, "c_2": 600, "c_3": 100, "lr_gen": 0.08381995237181145, "lr_disc": 0.04462008581320479, "l2_lambda_gen": 0.04850345884740045, "l2_lambda_disc": 0.056274101349466726, "batch_size": 350}