{"c_1": 200, "c_2": 225, "c_3": 150, "c_4": 75,"lr_disc": 0.004932832457093616, "l2_lambda_disc": 0.010744306605014745, "batch_size": 150}