{"g_noise": 20, "g_1": 600, "g_2": 1800, "g_3": 800, "c_1": 225, "c_2": 300, "c_3": 200, "lr_gen": 0.015027241052771076, "lr_disc": 0.07811633327537461, "l2_lambda_gen": 0.017633088155794018, "l2_lambda_disc": 0.04470092198606227, "batch_size": 250}