{"c_1": 300, "c_2": 225, "c_3": 50, "c_4": 10, "lr_disc": 0.06328116191411766, "l2_lambda_disc": 0.0011463221121968859, "batch_size": 300}