{"g_noise": 0, "g_1": 700, "g_2": 1900, "g_3": 550, "c_1": 275, "c_2": 150, "c_3": 200, "lr_gen": 0.030502653751853553, "lr_disc": 0.07029659132930445, "l2_lambda_gen": 0.08378190462631384, "l2_lambda_disc": 0.004757330005304851, "batch_size": 300}