{"g_noise": 20, "g_1": 700, "g_2": 1300, "g_3": 500, "c_1": 400, "c_2": 150, "c_3": 20, "lr_gen": 0.0941130042563588, "lr_disc": 0.04268744764164391, "l2_lambda_gen": 0.06367154882749484, "l2_lambda_disc": 0.0771156717620201, "batch_size": 50}