{"c_1": 300, "c_2": 150, "c_3": 50, "c_4": 50, "lr_disc": 0.005619734221998129, "l2_lambda_disc": 0.005091531003852965, "batch_size": 200}