{"g_noise": 10, "g_1": 650, "g_2": 1700, "g_3": 650, "c_1": 850, "c_2": 550, "c_3": 400, "lr_gen": 0.042433177024109946, "lr_disc": 0.05707696691504565, "l2_lambda_gen": 0.05437094782576501, "l2_lambda_disc": 0.05791504901396424, "batch_size": 300}