{"g_noise": 90, "g_1": 850, "g_2": 2000, "g_3": 550, "c_1": 250, "c_2": 150, "c_3": 10, "lr_gen": 0.05412869498328714, "lr_disc": 0.07630747833350156, "l2_lambda_gen": 0.07769755100866825, "l2_lambda_disc": 0.08129792676361051, "batch_size": 200}