{"g_noise": 20, "g_1": 500, "g_2": 1700, "g_3": 500, "c_1": 150, "c_2": 250, "c_3": 75, "lr_gen": 0.04662372834351081, "lr_disc": 0.005534286680992735, "l2_lambda_gen": 0.05838254209096956, "l2_lambda_disc": 0.009960175603011805, "batch_size": 100}