{"g_noise": 40, "g_1": 1000, "g_2": 1800, "g_3": 950, "c_1": 900, "c_2": 500, "c_3": 150, "lr_gen": 0.0017445306118069707, "lr_disc": 0.025540610816375754, "l2_lambda_gen": 0.05244601163481564, "l2_lambda_disc": 0.06051923771653523, "batch_size": 200}