{"g_noise": 10, "g_1": 600, "g_2": 1000, "g_3": 750, "c_1": 950, "c_2": 450, "c_3": 100, "lr_gen": 0.02718909066091798, "lr_disc": 0.04145469017369219, "l2_lambda_gen": 0.05473206431824081, "l2_lambda_disc": 0.00788019197314268, "batch_size": 50}