{"g_noise": 20, "g_1": 500, "g_2": 1700, "g_3": 1000, "c_1": 550, "c_2": 550, "c_3": 200, "lr_gen": 0.029748392038647063, "lr_disc": 0.05405944943293265, "l2_lambda_gen": 0.07125431667526255, "l2_lambda_disc": 0.06493538905156455, "batch_size": 50}