{"g_noise": 40, "g_1": 650, "g_2": 1500, "g_3": 700, "c_1": 350, "c_2": 275, "c_3": 100, "lr_gen": 0.03922778229877912, "lr_disc": 0.04530630787638247, "l2_lambda_gen": 0.011833475535565265, "l2_lambda_disc": 0.03501994025399681, "batch_size": 100}