{"g_noise": 20, "g_1": 600, "g_2": 1400, "g_3": 850, "c_1": 325, "c_2": 150, "c_3": 30, "lr_gen": 0.0050386010707570775, "lr_disc": 0.028925169697493508, "l2_lambda_gen": 0.0463225379898329, "l2_lambda_disc": 0.022555937099892884, "batch_size": 150}