{"g_noise": 80, "g_1": 650, "g_2": 1500, "g_3": 550, "c_1": 300, "c_2": 250, "c_3": 200, "lr_gen": 0.00847601255572682, "lr_disc": 0.06164151040563414, "l2_lambda_gen": 0.007862161566079742, "l2_lambda_disc": 0.019456407317542005, "batch_size": 250}