{"g_noise": 40, "g_1": 500, "g_2": 1100, "g_3": 800, "c_1": 700, "c_2": 400, "c_3": 200, "lr_gen": 0.017752102834575956, "lr_disc": 0.00634022806443095, "l2_lambda_gen": 0.0056405728020471335, "l2_lambda_disc": 0.041574582061323334, "batch_size": 250}