{"g_noise": 20, "g_1": 650, "g_2": 1200, "g_3": 550, "c_1": 400, "c_2": 125, "c_3": 125, "lr_gen": 0.010165563243847712, "lr_disc": 0.04863655636187621, "l2_lambda_gen": 0.008999281368097717, "l2_lambda_disc": 0.01872638254917597, "batch_size": 200}