{"g_noise": 90, "g_1": 1000, "g_2": 1200, "g_3": 850, "c_1": 600, "c_2": 700, "c_3": 550, "lr_gen": 0.05049784775763171, "lr_disc": 0.05931812728662776, "l2_lambda_gen": 0.02701326911143512, "l2_lambda_disc": 0.05946010748211342, "batch_size": 50}