{"g_noise": 40, "g_1": 650, "g_2": 1300, "g_3": 500, "c_1": 1000, "c_2": 750, "c_3": 400, "lr_gen": 0.01421310656234575, "lr_disc": 0.02920086847209555, "l2_lambda_gen": 0.005675701376749193, "l2_lambda_disc": 0.08255509221885877, "batch_size": 350}