{"g_noise": 40, "g_1": 1000, "g_2": 1100, "g_3": 950, "c_1": 800, "c_2": 500, "c_3": 500, "lr_gen": 0.04740054556293096, "lr_disc": 0.026980758555293825, "l2_lambda_gen": 0.029631667449434136, "l2_lambda_disc": 0.003912797396624829, "batch_size": 200}