{"g_noise": 90, "g_1": 600, "g_2": 1300, "g_3": 550, "c_1": 600, "c_2": 300, "c_3": 450, "lr_gen": 0.0186208154208096, "lr_disc": 0.002501882823683807, "l2_lambda_gen": 0.014086116154533285, "l2_lambda_disc": 0.026168929459356696, "batch_size": 250}