{"g_noise": 10, "g_1": 650, "g_2": 1200, "g_3": 850, "c_1": 325, "c_2": 175, "c_3": 125, "lr_gen": 0.06483893747192836, "lr_disc": 0.01160787372672764, "l2_lambda_gen": 0.004662605257853404, "l2_lambda_disc": 0.06811103661139414, "batch_size": 300}