{"g_noise": 30, "g_1": 700, "g_2": 1200, "g_3": 650, "c_1": 250, "c_2": 275, "c_3": 100, "lr_gen": 0.041287690697736676, "lr_disc": 0.003912365065530176, "l2_lambda_gen": 0.04637290645825426, "l2_lambda_disc": 0.0012881212523697919, "batch_size": 350}