{"g_noise": 30, "g_1": 850, "g_2": 1450, "g_3": 750, "c_1": 375, "c_2": 275, "c_3": 50, "lr_gen": 0.0707854555490919, "lr_disc": 0.07412409686265654, "l2_lambda_gen": 0.07751639855436081, "l2_lambda_disc": 0.031065500211910683, "batch_size": 300}