{"g_noise": 10, "g_1": 750, "g_2": 1700, "g_3": 700, "c_1": 900, "c_2": 200, "c_3": 350, "lr_gen": 0.030459509682503206, "lr_disc": 0.08654450841786304, "l2_lambda_gen": 0.02212268608825164, "l2_lambda_disc": 0.0691562115409455, "batch_size": 200}