{"g_noise": 30, "g_1": 800, "g_2": 1100, "g_3": 800, "c_1": 175, "c_2": 325, "c_3": 20, "lr_gen": 0.00909243605226566, "lr_disc": 0.006592504253737941, "l2_lambda_gen": 0.0933759500425592, "l2_lambda_disc": 0.0052371864699300155, "batch_size": 150}