{"g_noise": 90, "g_1": 800, "g_2": 1600, "g_3": 550, "c_1": 300, "c_2": 125, "c_3": 200, "lr_gen": 0.010920746906112964, "lr_disc": 0.002375673983359584, "l2_lambda_gen": 0.008612397997618247, "l2_lambda_disc": 0.004454345767441961, "batch_size": 250}