{"g_noise": 0, "g_1": 550, "g_2": 1400, "g_3": 550, "c_1": 300, "c_2": 250, "c_3": 75, "lr_gen": 0.027313743783019186, "lr_disc": 0.0010067640204606035, "l2_lambda_gen": 0.04919789147209818, "l2_lambda_disc": 0.015410079604993009, "batch_size": 50}