{"g_noise": 60, "g_1": 950, "g_2": 1500, "g_3": 950, "c_1": 225, "c_2": 250, "c_3": 150, "lr_gen": 0.024323428834566587, "lr_disc": 0.05488299048077234, "l2_lambda_gen": 0.02330318176076614, "l2_lambda_disc": 0.011287044976880555, "batch_size": 350}