{"g_noise": 90, "g_1": 900, "g_2": 1100, "g_3": 750, "c_1": 800, "c_2": 250, "c_3": 150, "lr_gen": 0.05483247116193463, "lr_disc": 0.08015643841725822, "l2_lambda_gen": 0.046507366161044957, "l2_lambda_disc": 0.03628829477007353, "batch_size": 100}