{"g_noise": 20, "g_1": 600, "g_2": 1600, "g_3": 500, "c_1": 400, "c_2": 150, "c_3": 10, "lr_gen": 0.05218239383848577, "lr_disc": 0.0027907052918442962, "l2_lambda_gen": 0.05389849444707442, "l2_lambda_disc": 0.00947554490709717, "batch_size": 50}