{"g_noise": 70, "g_1": 600, "g_2": 1700, "g_3": 550, "c_1": 175, "c_2": 125, "c_3": 40, "lr_gen": 0.06205675193109723, "lr_disc": 0.03617973701643072, "l2_lambda_gen": 0.04327066853442868, "l2_lambda_disc": 0.05197971131215907, "batch_size": 300}