{"g_noise": 0, "g_1": 800, "g_2": 1400, "g_3": 850, "c_1": 250, "c_2": 175, "c_3": 50, "lr_gen": 0.012688510357217657, "lr_disc": 0.06214661255742067, "l2_lambda_gen": 0.08409200819589609, "l2_lambda_disc": 0.07731511612193, "batch_size": 100}