{"g_noise": 10, "g_1": 900, "g_2": 1500, "g_3": 1000, "c_1": 750, "c_2": 200, "c_3": 50, "lr_gen": 0.017863148111384126, "lr_disc": 0.0923516047381904, "l2_lambda_gen": 0.06300246241815599, "l2_lambda_disc": 0.06542918052297989, "batch_size": 300}