{"g_noise": 50, "g_1": 1000, "g_2": 1700, "g_3": 950, "c_1": 1000, "c_2": 400, "c_3": 550, "lr_gen": 0.04614547338831694, "lr_disc": 0.03364933939761905, "l2_lambda_gen": 0.07640525871937437, "l2_lambda_disc": 0.08086156641900037, "batch_size": 50}