{"g_noise": 90, "g_1": 600, "g_2": 1600, "g_3": 600, "c_1": 950, "c_2": 250, "c_3": 150, "lr_gen": 0.05576020395162474, "lr_disc": 0.067071921670395, "l2_lambda_gen": 0.035404103036748485, "l2_lambda_disc": 0.025319748112826862, "batch_size": 50}