{"g_noise": 90, "g_1": 500, "g_2": 1800, "g_3": 650, "c_1": 300, "c_2": 200, "c_3": 100, "lr_gen": 0.04280998676418381, "lr_disc": 0.029829370412087025, "l2_lambda_gen": 0.040987526620398736, "l2_lambda_disc": 0.07978136134114563, "batch_size": 150}