{"g_noise": 10, "g_1": 800, "g_2": 1650, "g_3": 700, "c_1": 350, "c_2": 275, "c_3": 150, "lr_gen": 0.0630920317472277, "lr_disc": 0.08616745112297393, "l2_lambda_gen": 0.03957675914545708, "l2_lambda_disc": 0.018418761536220386, "batch_size": 250}