{"g_noise": 80, "g_1": 850, "g_2": 1300, "g_3": 950, "c_1": 300, "c_2": 225, "c_3": 40, "lr_gen": 0.09760253297151394, "lr_disc": 0.02841878968152847, "l2_lambda_gen": 0.01721630109579089, "l2_lambda_disc": 0.023634270946068923, "batch_size": 250}