{"g_noise": 90, "g_1": 800, "g_2": 1100, "g_3": 800, "c_1": 800, "c_2": 500, "c_3": 100, "lr_gen": 0.057311090672001005, "lr_disc": 0.04672218474899933, "l2_lambda_gen": 0.02707261192647663, "l2_lambda_disc": 0.005124873204171258, "batch_size": 300}