{"c_1": 275, "c_2": 250, "c_3": 50, "c_4": 150, "lr_disc": 0.0021078341656505023, "l2_lambda_disc": 0.024075186388833148, "batch_size": 50}