{"g_noise": 30, "g_1": 900, "g_2": 1700, "g_3": 600, "c_1": 950, "c_2": 250, "c_3": 50, "lr_gen": 0.02372108426314799, "lr_disc": 0.0020742913165282886, "l2_lambda_gen": 0.001366440564981558, "l2_lambda_disc": 0.04486627377434742, "batch_size": 150}