{"g_noise": 30, "g_1": 1050, "g_2": 2050, "g_3": 1000, "c_1": 450, "c_2": 300, "c_3": 125, "lr_gen": 0.004911226083079142, "lr_disc": 0.09555432740128517, "l2_lambda_gen": 0.015351117074489377, "l2_lambda_disc": 0.0688913758042244, "batch_size": 50}