{"g_noise": 90, "g_1": 1000, "g_2": 1800, "g_3": 550, "c_1": 1000, "c_2": 550, "c_3": 300, "lr_gen": 0.026335673881254833, "lr_disc": 0.006791787217543097, "l2_lambda_gen": 0.021284136530806956, "l2_lambda_disc": 0.01696316523210957, "batch_size": 350}