{"g_noise": 30, "g_1": 1000, "g_2": 1800, "g_3": 700, "c_1": 600, "c_2": 600, "c_3": 500, "lr_gen": 0.016873439675326063, "lr_disc": 0.02728138944492055, "l2_lambda_gen": 0.07199775900831941, "l2_lambda_disc": 0.0031905372613782804, "batch_size": 350}