{"g_noise": 80, "g_1": 900, "g_2": 1900, "g_3": 1000, "c_1": 500, "c_2": 400, "c_3": 350, "lr_gen": 0.048756923951340896, "lr_disc": 0.013947939314699585, "l2_lambda_gen": 0.018916993786483358, "l2_lambda_disc": 0.008257957900187178, "batch_size": 350}