{"g_noise": 40, "g_1": 850, "g_2": 1400, "g_3": 550, "c_1": 400, "c_2": 300, "c_3": 50, "lr_gen": 0.010507676562036362, "lr_disc": 0.0870995612137075, "l2_lambda_gen": 0.021446322175624696, "l2_lambda_disc": 0.03386674127764896, "batch_size": 350}