{"g_noise": 10, "g_1": 750, "g_2": 2000, "g_3": 750, "c_1": 700, "c_2": 550, "c_3": 450, "lr_gen": 0.06279168340912863, "lr_disc": 0.06621683857996083, "l2_lambda_gen": 0.0040284043185684236, "l2_lambda_disc": 0.0976856179323423, "batch_size": 150}