{"g_noise": 40, "g_1": 950, "g_2": 1500, "g_3": 900, "c_1": 300, "c_2": 150, "c_3": 40, "lr_gen": 0.07111797231154862, "lr_disc": 0.03312157035273858, "l2_lambda_gen": 0.002307009731570077, "l2_lambda_disc": 0.0348617672227343, "batch_size": 50}