{"g_noise": 0, "g_1": 800, "g_2": 2050, "g_3": 1100, "c_1": 550, "c_2": 300, "c_3": 20, "lr_gen": 0.05262545552791122, "lr_disc": 0.08934637809539281, "l2_lambda_gen": 0.01812378253623284, "l2_lambda_disc": 0.005628922032328079, "batch_size": 100}