{"g_noise": 70, "g_1": 1000, "g_2": 1800, "g_3": 1000, "c_1": 150, "c_2": 325, "c_3": 50, "lr_gen": 0.038956905436522346, "lr_disc": 0.06206269714933398, "l2_lambda_gen": 0.05337006158671932, "l2_lambda_disc": 0.019217481183866885, "batch_size": 250}