{"g_noise": 50, "g_1": 900, "g_2": 1100, "g_3": 750, "c_1": 450, "c_2": 325, "c_3": 225, "lr_gen": 0.0055639639266816246, "lr_disc": 0.06905391189366722, "l2_lambda_gen": 0.006722998886887536, "l2_lambda_disc": 0.06348363299354674, "batch_size": 200}