{"c_1": 175, "c_2": 150, "c_3": 50, "c_4": 20, "lr_disc": 0.005462137322484593, "l2_lambda_disc": 0.018188431207570882, "batch_size": 250}