{"g_noise": 90, "g_1": 600, "g_2": 1700, "g_3": 550, "c_1": 225, "c_2": 250, "c_3": 150, "lr_gen": 0.09224679054936681, "lr_disc": 0.07876874180849155, "l2_lambda_gen": 0.004567877242642972, "l2_lambda_disc": 0.033182111501064544, "batch_size": 300}