{"g_noise": 100, "g_1": 700, "g_2": 1200, "g_3": 1000, "c_1": 550, "c_2": 350, "c_3": 300, "lr_gen": 0.02160677475904454, "lr_disc": 0.008135646966767607, "l2_lambda_gen": 0.0655392760730135, "l2_lambda_disc": 0.0784749655152636, "batch_size": 250}