{"g_noise": 40, "g_1": 950, "g_2": 2000, "g_3": 700, "c_1": 250, "c_2": 200, "c_3": 150, "lr_gen": 0.07405789953167674, "lr_disc": 0.03836212287029979, "l2_lambda_gen": 0.04416577779765401, "l2_lambda_disc": 0.005225087573158728, "batch_size": 200}