{"g_noise": 80, "g_1": 950, "g_2": 1600, "g_3": 500, "c_1": 950, "c_2": 700, "c_3": 50, "lr_gen": 0.0987762008324476, "lr_disc": 0.07851015289778705, "l2_lambda_gen": 0.055748746637744706, "l2_lambda_disc": 0.003871142429133242, "batch_size": 200}