{"g_noise": 10, "g_1": 950, "g_2": 1500, "g_3": 850, "c_1": 950, "c_2": 450, "c_3": 500, "lr_gen": 0.008647619984944456, "lr_disc": 0.01118928735678552, "l2_lambda_gen": 0.09569184827658662, "l2_lambda_disc": 0.017309261104501355, "batch_size": 300}