{"g_noise": 90, "g_1": 600, "g_2": 1200, "g_3": 550, "c_1": 300, "c_2": 125, "c_3": 150, "lr_gen": 0.054652288593828174, "lr_disc": 0.0015097412931028352, "l2_lambda_gen": 0.001955590600586643, "l2_lambda_disc": 0.059244146175990865, "batch_size": 200}