{"g_noise": 30, "g_1": 850, "g_2": 1500, "g_3": 900, "c_1": 350, "c_2": 175, "c_3": 20, "lr_gen": 0.002378545376076702, "lr_disc": 0.05647421194975254, "l2_lambda_gen": 0.012217357413699406, "l2_lambda_disc": 0.0683968699853427, "batch_size": 200}