{"g_noise": 40, "g_1": 950, "g_2": 1000, "g_3": 650, "c_1": 950, "c_2": 200, "c_3": 350, "lr_gen": 0.05507471442856299, "lr_disc": 0.0954498713229789, "l2_lambda_gen": 0.07370602252742567, "l2_lambda_disc": 0.04495713837188414, "batch_size": 200}