{"g_noise": 90, "g_1": 750, "g_2": 1900, "g_3": 700, "c_1": 175, "c_2": 300, "c_3": 10, "lr_gen": 0.08838305942907715, "lr_disc": 0.025841928462064137, "l2_lambda_gen": 0.08006292709812536, "l2_lambda_disc": 0.04995816837467412, "batch_size": 100}