{"g_noise": 90, "g_1": 700, "g_2": 1300, "g_3": 650, "c_1": 950, "c_2": 400, "c_3": 550, "lr_gen": 0.015371827998637143, "lr_disc": 0.00108309724040186, "l2_lambda_gen": 0.03494907189467749, "l2_lambda_disc": 0.02221935209891529, "batch_size": 250}