{"g_noise": 60, "g_1": 650, "g_2": 2000, "g_3": 950, "c_1": 175, "c_2": 175, "c_3": 200, "lr_gen": 0.024392438405326157, "lr_disc": 0.007511287300328332, "l2_lambda_gen": 0.03291770510078872, "l2_lambda_disc": 0.0183237740370379, "batch_size": 200}