{"g_noise": 80, "g_1": 550, "g_2": 1400, "g_3": 1000, "c_1": 700, "c_2": 600, "c_3": 350, "lr_gen": 0.02108524581224841, "lr_disc": 0.04339769966134649, "l2_lambda_gen": 0.04201442200134653, "l2_lambda_disc": 0.03455724113605198, "batch_size": 50}