{"g_noise": 80, "g_1": 1050, "g_2": 2250, "g_3": 1100, "c_1": 500, "c_2": 475, "c_3": 200, "lr_gen": 0.04145586918912219, "lr_disc": 0.019930587378992698, "l2_lambda_gen": 0.003591815262821293, "l2_lambda_disc": 0.06301219956689173, "batch_size": 100}