{"g_noise": 60, "g_1": 950, "g_2": 1800, "g_3": 900, "c_1": 300, "c_2": 325, "c_3": 50, "lr_gen": 0.009899295799047796, "lr_disc": 0.07897988791757111, "l2_lambda_gen": 0.004709038259487689, "l2_lambda_disc": 0.015240521954849942, "batch_size": 350}