{"g_noise": 20, "g_1": 650, "g_2": 1900, "g_3": 650, "c_1": 600, "c_2": 400, "c_3": 100, "lr_gen": 0.06946732582019274, "lr_disc": 0.09011923012551379, "l2_lambda_gen": 0.04194503043203945, "l2_lambda_disc": 0.026128209759998446, "batch_size": 300}