{"g_noise": 10, "g_1": 650, "g_2": 1700, "g_3": 800, "c_1": 700, "c_2": 600, "c_3": 100, "lr_gen": 0.06065596801548532, "lr_disc": 0.06440442068456412, "l2_lambda_gen": 0.007613910289246499, "l2_lambda_disc": 0.011677094768077758, "batch_size": 50}