{"g_noise": 100, "g_1": 750, "g_2": 1200, "g_3": 900, "c_1": 650, "c_2": 400, "c_3": 50, "lr_gen": 0.05275365312022052, "lr_disc": 0.05270438142423969, "l2_lambda_gen": 0.0271043868993905, "l2_lambda_disc": 0.021313915937611724, "batch_size": 50}