{"g_noise": 0, "g_1": 1150, "g_2": 2250, "g_3": 900, "c_1": 475, "c_2": 350, "c_3": 75, "lr_gen": 0.005823489158430662, "lr_disc": 0.026013777014130424, "l2_lambda_gen": 0.0690190223853671, "l2_lambda_disc": 0.015016522543583686, "batch_size": 100}