{"g_noise": 70, "g_1": 900, "g_2": 1400, "g_3": 1000, "c_1": 550, "c_2": 350, "c_3": 50, "lr_gen": 0.018274132987856132, "lr_disc": 0.032990360943190564, "l2_lambda_gen": 0.07091735465168798, "l2_lambda_disc": 0.08925781225572144, "batch_size": 100}