{"g_noise": 80, "g_1": 650, "g_2": 1750, "g_3": 1100, "c_1": 375, "c_2": 400, "c_3": 30, "lr_gen": 0.05273413619279644, "lr_disc": 0.022402965493164693, "l2_lambda_gen": 0.032155868740554955, "l2_lambda_disc": 0.003324392095055299, "batch_size": 200}