{"g_noise": 20, "g_1": 850, "g_2": 1650, "g_3": 1050, "c_1": 375, "c_2": 300, "c_3": 20, "lr_gen": 0.044590837609540246, "lr_disc": 0.08753833441729096, "l2_lambda_gen": 0.07339404852294917, "l2_lambda_disc": 0.08726875618266607, "batch_size": 250}