{"g_noise": 70, "g_1": 500, "g_2": 1400, "g_3": 850, "c_1": 150, "c_2": 150, "c_3": 40, "lr_gen": 0.018161050013538557, "lr_disc": 0.0010950595674374564, "l2_lambda_gen": 0.04259318147819356, "l2_lambda_disc": 0.09275465968678785, "batch_size": 350}