{"g_noise": 80, "g_1": 850, "g_2": 1550, "g_3": 1000, "c_1": 425, "c_2": 325, "c_3": 75, "lr_gen": 0.007573324129190338, "lr_disc": 0.00459259691371167, "l2_lambda_gen": 0.05198306506733128, "l2_lambda_disc": 0.06392779235050865, "batch_size": 200}