{"c_1": 350, "c_2": 200, "c_3": 125, "c_4": 50, "lr_disc": 0.0010605034738244798, "l2_lambda_disc": 0.009704764029168981, "batch_size": 200}