{"g_noise": 100, "g_1": 850, "g_2": 1600, "g_3": 750, "c_1": 250, "c_2": 200, "c_3": 100, "lr_gen": 0.0018362820325138712, "lr_disc": 0.08209622465236507, "l2_lambda_gen": 0.02946597895764571, "l2_lambda_disc": 0.028008648536440552, "batch_size": 350}