{"g_noise": 20, "g_1": 800, "g_2": 1300, "g_3": 950, "c_1": 175, "c_2": 125, "c_3": 100, "lr_gen": 0.014454304614588537, "lr_disc": 0.055920018421558755, "l2_lambda_gen": 0.0065397863445127765, "l2_lambda_disc": 0.01267310838776899, "batch_size": 250}