{"g_noise": 0, "g_1": 800, "g_2": 1200, "g_3": 700, "c_1": 150, "c_2": 250, "c_3": 200, "lr_gen": 0.006832197099629587, "lr_disc": 0.058771395695340165, "l2_lambda_gen": 0.005376605568756957, "l2_lambda_disc": 0.09501093783541496, "batch_size": 100}