{"g_noise": 100, "g_1": 500, "g_2": 2000, "g_3": 1000, "c_1": 250, "c_2": 325, "c_3": 200, "lr_gen": 0.0756071476916134, "lr_disc": 0.001175684559494232, "l2_lambda_gen": 0.0865285156236256, "l2_lambda_disc": 0.07570651744453992, "batch_size": 300}