{"g_noise": 50, "g_1": 550, "g_2": 1800, "g_3": 900, "c_1": 250, "c_2": 225, "c_3": 50, "lr_gen": 0.0017333263637841856, "lr_disc": 0.0900141294067283, "l2_lambda_gen": 0.004510535416126832, "l2_lambda_disc": 0.039641251423268214, "batch_size": 300}