{"g_noise": 40, "g_1": 750, "g_2": 1900, "g_3": 850, "c_1": 225, "c_2": 125, "c_3": 150, "lr_gen": 0.018213770585568768, "lr_disc": 0.0627689358325761, "l2_lambda_gen": 0.001890031009170002, "l2_lambda_disc": 0.05651371468072848, "batch_size": 350}