{"g_noise": 80, "g_1": 800, "g_2": 1500, "g_3": 750, "c_1": 200, "c_2": 175, "c_3": 10, "lr_gen": 0.013099174248008136, "lr_disc": 0.05302388711692902, "l2_lambda_gen": 0.056713741987289366, "l2_lambda_disc": 0.012883905059162665, "batch_size": 250}