{"g_noise": 90, "g_1": 650, "g_2": 1850, "g_3": 950, "c_1": 550, "c_2": 300, "c_3": 225, "lr_gen": 0.011306716000981154, "lr_disc": 0.006115108879109116, "l2_lambda_gen": 0.09227726601544543, "l2_lambda_disc": 0.05739738001323617, "batch_size": 100}