{"g_noise": 90, "g_1": 500, "g_2": 1400, "g_3": 700, "c_1": 1000, "c_2": 250, "c_3": 50, "lr_gen": 0.026351698321405347, "lr_disc": 0.09801220953648303, "l2_lambda_gen": 0.0927429140022173, "l2_lambda_disc": 0.061561848527535726, "batch_size": 100}