{"g_noise": 0, "g_1": 750, "g_2": 1450, "g_3": 750, "c_1": 325, "c_2": 400, "c_3": 125, "lr_gen": 0.05076510189661389, "lr_disc": 0.0347332535463958, "l2_lambda_gen": 0.023008012781269523, "l2_lambda_disc": 0.04189106510308365, "batch_size": 100}