{"g_noise": 30, "g_1": 600, "g_2": 1900, "g_3": 850, "c_1": 500, "c_2": 500, "c_3": 350, "lr_gen": 0.047066731041484795, "lr_disc": 0.00547052284984257, "l2_lambda_gen": 0.008346315689415535, "l2_lambda_disc": 0.05781600854278567, "batch_size": 100}