{"g_noise": 70, "g_1": 650, "g_2": 2000, "g_3": 500, "c_1": 750, "c_2": 450, "c_3": 150, "lr_gen": 0.04728736608529541, "lr_disc": 0.0016922932095383382, "l2_lambda_gen": 0.061835007621750024, "l2_lambda_disc": 0.025630137287163922, "batch_size": 300}