{"g_noise": 20, "g_1": 750, "g_2": 1100, "g_3": 950, "c_1": 325, "c_2": 175, "c_3": 20, "lr_gen": 0.0014576004190345535, "lr_disc": 0.043497236779449125, "l2_lambda_gen": 0.06413197074162771, "l2_lambda_disc": 0.07708656945246366, "batch_size": 300}