{"g_noise": 60, "g_1": 650, "g_2": 1300, "g_3": 550, "c_1": 225, "c_2": 175, "c_3": 225, "lr_gen": 0.0765022787762609, "lr_disc": 0.024962842094810814, "l2_lambda_gen": 0.01932028874556257, "l2_lambda_disc": 0.002816140728511873, "batch_size": 200}