{"g_noise": 30, "g_1": 1000, "g_2": 1700, "g_3": 700, "c_1": 300, "c_2": 150, "c_3": 50, "lr_gen": 0.0680111432440424, "lr_disc": 0.06697481406525585, "l2_lambda_gen": 0.015437312160072741, "l2_lambda_disc": 0.017955011074058905, "batch_size": 50}