{"g_noise": 50, "g_1": 800, "g_2": 2050, "g_3": 950, "c_1": 350, "c_2": 375, "c_3": 200, "lr_gen": 0.004453043616702764, "lr_disc": 0.06402600836341064, "l2_lambda_gen": 0.059009319934416514, "l2_lambda_disc": 0.06181987812169383, "batch_size": 100}