{"g_noise": 50, "g_1": 650, "g_2": 2050, "g_3": 800, "c_1": 325, "c_2": 300, "c_3": 125, "lr_gen": 0.027570796775039326, "lr_disc": 0.05083155049661273, "l2_lambda_gen": 0.02720612474352657, "l2_lambda_disc": 0.09202432063257018, "batch_size": 150}