{"g_noise": 60, "g_1": 700, "g_2": 1100, "g_3": 500, "c_1": 550, "c_2": 700, "c_3": 500, "lr_gen": 0.06922419124593233, "lr_disc": 0.0010214311526375737, "l2_lambda_gen": 0.09038253570413957, "l2_lambda_disc": 0.07170813652285354, "batch_size": 200}