{"g_noise": 30, "g_1": 600, "g_2": 1400, "g_3": 850, "c_1": 150, "c_2": 150, "c_3": 125, "lr_gen": 0.045442479846419734, "lr_disc": 0.0015548909312709039, "l2_lambda_gen": 0.06216119812090852, "l2_lambda_disc": 0.03929630413889708, "batch_size": 350}