{"g_noise": 10, "g_1": 600, "g_2": 1300, "g_3": 600, "c_1": 275, "c_2": 200, "c_3": 100, "lr_gen": 0.015011351734126842, "lr_disc": 0.03862413416002099, "l2_lambda_gen": 0.03731165255625185, "l2_lambda_disc": 0.05273427427797396, "batch_size": 200}