{"g_noise": 80, "g_1": 650, "g_2": 1000, "g_3": 550, "c_1": 500, "c_2": 750, "c_3": 50, "lr_gen": 0.07438959241164135, "lr_disc": 0.0012527182872323168, "l2_lambda_gen": 0.002737655419164469, "l2_lambda_disc": 0.01936021073624704, "batch_size": 350}