{"c_1": 300, "c_2": 275, "c_3": 225, "c_4": 75, "lr_disc": 0.004848721473526641, "l2_lambda_disc": 0.0012154870054292546, "batch_size": 300}