{"g_noise": 30, "g_1": 800, "g_2": 1400, "g_3": 600, "c_1": 325, "c_2": 225, "c_3": 75, "lr_gen": 0.0024943966121628415, "lr_disc": 0.023479999230578957, "l2_lambda_gen": 0.0784870544739012, "l2_lambda_disc": 0.025547202732177372, "batch_size": 300}