{"g_noise": 10, "g_1": 700, "g_2": 1500, "g_3": 500, "c_1": 900, "c_2": 750, "c_3": 100, "lr_gen": 0.05114313516975555, "lr_disc": 0.09729887316468105, "l2_lambda_gen": 0.052875304028413624, "l2_lambda_disc": 0.049625371554560906, "batch_size": 100}