{"g_noise": 70, "g_1": 600, "g_2": 1600, "g_3": 700, "c_1": 325, "c_2": 200, "c_3": 200, "lr_gen": 0.05997686202264936, "lr_disc": 0.0022313892823915965, "l2_lambda_gen": 0.002092868528912016, "l2_lambda_disc": 0.06144394046469869, "batch_size": 300}