{"g_noise": 20, "g_1": 750, "g_2": 1400, "g_3": 650, "c_1": 550, "c_2": 200, "c_3": 100, "lr_gen": 0.05756746787625721, "lr_disc": 0.03304969337659031, "l2_lambda_gen": 0.06517269707885308, "l2_lambda_disc": 0.026536854685582787, "batch_size": 150}