{"g_noise": 70, "g_1": 550, "g_2": 1000, "g_3": 850, "c_1": 600, "c_2": 250, "c_3": 300, "lr_gen": 0.047293756967944287, "lr_disc": 0.04923619019905595, "l2_lambda_gen": 0.04173338085929311, "l2_lambda_disc": 0.02967918344039751, "batch_size": 50}