{"g_noise": 80, "g_1": 1050, "g_2": 1750, "g_3": 1050, "c_1": 400, "c_2": 275, "c_3": 225, "lr_gen": 0.02683137999614474, "lr_disc": 0.0017779526536475766, "l2_lambda_gen": 0.029587143902288327, "l2_lambda_disc": 0.010290553645576475, "batch_size": 200}