{"g_noise": 20, "g_1": 500, "g_2": 1000, "g_3": 900, "c_1": 325, "c_2": 250, "c_3": 50, "lr_gen": 0.00888352382898996, "lr_disc": 0.0876100991483536, "l2_lambda_gen": 0.06561041999783677, "l2_lambda_disc": 0.005542523299316716, "batch_size": 300}