{"g_noise": 20, "g_1": 850, "g_2": 1700, "g_3": 850, "c_1": 1000, "c_2": 700, "c_3": 400, "lr_gen": 0.02249274771532775, "lr_disc": 0.053488284628029, "l2_lambda_gen": 0.09274805811744821, "l2_lambda_disc": 0.004355988139347322, "batch_size": 150}