{"g_noise": 80, "g_1": 650, "g_2": 1800, "g_3": 600, "c_1": 150, "c_2": 300, "c_3": 20, "lr_gen": 0.0062060102438609085, "lr_disc": 0.0027822754368652686, "l2_lambda_gen": 0.06523790429254006, "l2_lambda_disc": 0.053824594836202194, "batch_size": 200}