{"g_noise": 50, "g_1": 900, "g_2": 1300, "g_3": 950, "c_1": 700, "c_2": 300, "c_3": 150, "lr_gen": 0.014524654188902236, "lr_disc": 0.01617286870751134, "l2_lambda_gen": 0.06404090266766951, "l2_lambda_disc": 0.0704295756092136, "batch_size": 250}