{"g_noise": 0, "g_1": 550, "g_2": 1700, "g_3": 800, "c_1": 325, "c_2": 150, "c_3": 40, "lr_gen": 0.011828681017524826, "lr_disc": 0.018606819043317298, "l2_lambda_gen": 0.08407371698037476, "l2_lambda_disc": 0.014107581784290252, "batch_size": 200}