{"g_noise": 90, "g_1": 650, "g_2": 1800, "g_3": 800, "c_1": 175, "c_2": 175, "c_3": 125, "lr_gen": 0.051765012867247766, "lr_disc": 0.020847540191847938, "l2_lambda_gen": 0.0861755076277871, "l2_lambda_disc": 0.030518543703082483, "batch_size": 350}