{"g_noise": 20, "g_1": 600, "g_2": 1000, "g_3": 900, "c_1": 400, "c_2": 325, "c_3": 125, "lr_gen": 0.041197219801641594, "lr_disc": 0.003420405100137275, "l2_lambda_gen": 0.04108858313826723, "l2_lambda_disc": 0.08904574274277596, "batch_size": 300}