{"g_noise": 10, "g_1": 1000, "g_2": 1000, "g_3": 800, "c_1": 800, "c_2": 500, "c_3": 550, "lr_gen": 0.05101376365555069, "lr_disc": 0.09200415669325271, "l2_lambda_gen": 0.037789615623627246, "l2_lambda_disc": 0.009335340783176726, "batch_size": 150}