{"g_noise": 20, "g_1": 900, "g_2": 1200, "g_3": 900, "c_1": 200, "c_2": 175, "c_3": 20, "lr_gen": 0.05067549663722093, "lr_disc": 0.04591395758706084, "l2_lambda_gen": 0.001964717050519954, "l2_lambda_disc": 0.06672671958054066, "batch_size": 350}