{"g_noise": 100, "g_1": 850, "g_2": 1600, "g_3": 850, "c_1": 550, "c_2": 750, "c_3": 550, "lr_gen": 0.05823109319110924, "lr_disc": 0.07407545974779368, "l2_lambda_gen": 0.07245367627977632, "l2_lambda_disc": 0.056772100060901706, "batch_size": 50}