{"g_noise": 10, "g_1": 750, "g_2": 1500, "g_3": 700, "c_1": 550, "c_2": 650, "c_3": 250, "lr_gen": 0.07980601507508811, "lr_disc": 0.0011219909712406276, "l2_lambda_gen": 0.027971953206846235, "l2_lambda_disc": 0.06372098918191278, "batch_size": 100}