{"g_noise": 60, "g_1": 600, "g_2": 1600, "g_3": 650, "c_1": 800, "c_2": 400, "c_3": 150, "lr_gen": 0.030638484807820953, "lr_disc": 0.014711480591123878, "l2_lambda_gen": 0.016295441644450445, "l2_lambda_disc": 0.017912402335599112, "batch_size": 250}