{"g_noise": 50, "g_1": 1000, "g_2": 1200, "g_3": 800, "c_1": 250, "c_2": 275, "c_3": 10, "lr_gen": 0.030058783170559454, "lr_disc": 0.020144533012215915, "l2_lambda_gen": 0.07122460382464808, "l2_lambda_disc": 0.012431573961462966, "batch_size": 350}