{"g_noise": 60, "g_1": 650, "g_2": 1100, "g_3": 800, "c_1": 900, "c_2": 450, "c_3": 450, "lr_gen": 0.029364724620118583, "lr_disc": 0.02495918750995892, "l2_lambda_gen": 0.03653627906948409, "l2_lambda_disc": 0.08404464693745854, "batch_size": 300}