{"g_noise": 0, "g_1": 550, "g_2": 1300, "g_3": 600, "c_1": 850, "c_2": 650, "c_3": 550, "lr_gen": 0.07899082666536411, "lr_disc": 0.07465957630491983, "l2_lambda_gen": 0.029538935029393632, "l2_lambda_disc": 0.01683544886713811, "batch_size": 200}