{"g_noise": 0, "g_1": 500, "g_2": 1600, "g_3": 600, "c_1": 275, "c_2": 150, "c_3": 10, "lr_gen": 0.03506128082328651, "lr_disc": 0.06876651830726337, "l2_lambda_gen": 0.09913323642280841, "l2_lambda_disc": 0.07372955555557267, "batch_size": 150}