{"g_noise": 60, "g_1": 1000, "g_2": 1000, "g_3": 800, "c_1": 650, "c_2": 550, "c_3": 300, "lr_gen": 0.09540035313163403, "lr_disc": 0.0041877933336832325, "l2_lambda_gen": 0.08316112253586609, "l2_lambda_disc": 0.06353979529961341, "batch_size": 50}