{"g_noise": 60, "g_1": 750, "g_2": 1200, "g_3": 800, "c_1": 325, "c_2": 200, "c_3": 200, "lr_gen": 0.003907140169775043, "lr_disc": 0.05164655757914683, "l2_lambda_gen": 0.04590066886206888, "l2_lambda_disc": 0.026354138820382372, "batch_size": 150}