{"g_noise": 40, "g_1": 850, "g_2": 1500, "g_3": 900, "c_1": 275, "c_2": 250, "c_3": 50, "lr_gen": 0.016535621815694304, "lr_disc": 0.05648268725032305, "l2_lambda_gen": 0.015482569023156392, "l2_lambda_disc": 0.02516347413450099, "batch_size": 350}