{"g_noise": 50, "g_1": 550, "g_2": 1100, "g_3": 900, "c_1": 200, "c_2": 200, "c_3": 100, "lr_gen": 0.02228070836632593, "lr_disc": 0.0020427465185900995, "l2_lambda_gen": 0.0102547309327697, "l2_lambda_disc": 0.05878798630246795, "batch_size": 50}