{"g_noise": 100, "g_1": 850, "g_2": 1100, "g_3": 850, "c_1": 300, "c_2": 275, "c_3": 40, "lr_gen": 0.06710447800062869, "lr_disc": 0.053275437556992336, "l2_lambda_gen": 0.036164712377100866, "l2_lambda_disc": 0.07740553815176131, "batch_size": 250}