{"c_1": 250, "c_2": 250, "c_3": 200, "c_4": 40, "lr_disc": 0.0048425332298200115, "l2_lambda_disc": 0.009910670820682223, "batch_size": 200}