{"g_noise": 30, "g_1": 550, "g_2": 1300, "g_3": 700, "c_1": 600, "c_2": 600, "c_3": 150, "lr_gen": 0.08137494359455241, "lr_disc": 0.008068354376803998, "l2_lambda_gen": 0.01569245998604294, "l2_lambda_disc": 0.060517382834036765, "batch_size": 100}