{"g_noise": 50, "g_1": 1150, "g_2": 2150, "g_3": 800, "c_1": 425, "c_2": 350, "c_3": 125, "lr_gen": 0.0023266503391621224, "lr_disc": 0.07082885590947634, "l2_lambda_gen": 0.00465512959566618, "l2_lambda_disc": 0.042734253965356045, "batch_size": 350}