{"g_noise": 20, "g_1": 900, "g_2": 2250, "g_3": 1050, "c_1": 425, "c_2": 375, "c_3": 10, "lr_gen": 0.046266598720167716, "lr_disc": 0.00903320909172027, "l2_lambda_gen": 0.08169343884474378, "l2_lambda_disc": 0.07121803409549099, "batch_size": 350}