{"g_noise": 0, "g_1": 600, "g_2": 1300, "g_3": 950, "c_1": 275, "c_2": 300, "c_3": 30, "lr_gen": 0.022461840192946586, "lr_disc": 0.034428129217221624, "l2_lambda_gen": 0.02505671246646299, "l2_lambda_disc": 0.015249424987842921, "batch_size": 50}