{"c_1": 350, "c_2": 150, "c_3": 100, "c_4": 100, "lr_disc": 0.029969611358279788, "l2_lambda_disc": 0.001424713222287194, "batch_size": 300}