{"g_noise": 30, "g_1": 750, "g_2": 1500, "g_3": 650, "c_1": 650, "c_2": 250, "c_3": 50, "lr_gen": 0.030317059103493187, "lr_disc": 0.0725667713798163, "l2_lambda_gen": 0.003709762050865516, "l2_lambda_disc": 0.07263761481473617, "batch_size": 100}