{"g_noise": 0, "g_1": 600, "g_2": 1600, "g_3": 700, "c_1": 300, "c_2": 300, "c_3": 30, "lr_gen": 0.08552626705252878, "lr_disc": 0.08446606316723992, "l2_lambda_gen": 0.031001119030721926, "l2_lambda_disc": 0.02031664875332691, "batch_size": 50}