{"g_noise": 0, "g_1": 600, "g_2": 1200, "g_3": 900, "c_1": 550, "c_2": 400, "c_3": 200, "lr_gen": 0.047633360510759594, "lr_disc": 0.013415918157581648, "l2_lambda_gen": 0.06303581313078964, "l2_lambda_disc": 0.018059700867860375, "batch_size": 300}