{"g_noise": 50, "g_1": 550, "g_2": 2000, "g_3": 550, "c_1": 450, "c_2": 200, "c_3": 40, "lr_gen": 0.006098981559453895, "lr_disc": 0.07235109184646775, "l2_lambda_gen": 0.0690408049656159, "l2_lambda_disc": 0.05692329426530928, "batch_size": 150}