{"g_noise": 20, "g_1": 850, "g_2": 1600, "g_3": 1000, "c_1": 500, "c_2": 500, "c_3": 150, "lr_gen": 0.04526410925068613, "lr_disc": 0.014847882577653747, "l2_lambda_gen": 0.08092641775494096, "l2_lambda_disc": 0.021681488986873568, "batch_size": 150}