{"g_noise": 90, "g_1": 800, "g_2": 1200, "g_3": 550, "c_1": 225, "c_2": 300, "c_3": 150, "lr_gen": 0.012443325544204076, "lr_disc": 0.0017308535823379715, "l2_lambda_gen": 0.03166022794458263, "l2_lambda_disc": 0.011377670881178862, "batch_size": 350}