{"g_noise": 90, "g_1": 1150, "g_2": 2150, "g_3": 1100, "c_1": 300, "c_2": 325, "c_3": 75, "lr_gen": 0.027926520836883444, "lr_disc": 0.018852322485007886, "l2_lambda_gen": 0.02441815832478244, "l2_lambda_disc": 0.017179388092093, "batch_size": 100}