{"g_noise": 30, "g_1": 800, "g_2": 1700, "g_3": 550, "c_1": 250, "c_2": 175, "c_3": 100, "lr_gen": 0.0591429521894237, "lr_disc": 0.03591939652119078, "l2_lambda_gen": 0.07570176194680084, "l2_lambda_disc": 0.07896908827733738, "batch_size": 150}