{"g_noise": 40, "g_1": 750, "g_2": 1500, "g_3": 600, "c_1": 450, "c_2": 200, "c_3": 40, "lr_gen": 0.020670984431234985, "lr_disc": 0.08175053954216438, "l2_lambda_gen": 0.014628211015532702, "l2_lambda_disc": 0.024760705500096535, "batch_size": 350}