{"g_noise": 0, "g_1": 600, "g_2": 1000, "g_3": 900, "c_1": 850, "c_2": 400, "c_3": 100, "lr_gen": 0.06346870410122679, "lr_disc": 0.03650382010914776, "l2_lambda_gen": 0.018259674475655435, "l2_lambda_disc": 0.011733425071884554, "batch_size": 300}