{"g_noise": 90, "g_1": 800, "g_2": 1600, "g_3": 850, "c_1": 1000, "c_2": 550, "c_3": 400, "lr_gen": 0.0144343685513979, "lr_disc": 0.04384106001947221, "l2_lambda_gen": 0.0483350582670358, "l2_lambda_disc": 0.058421335202500375, "batch_size": 50}