{"g_noise": 30, "g_1": 500, "g_2": 1700, "g_3": 950, "c_1": 250, "c_2": 300, "c_3": 225, "lr_gen": 0.09744982940854945, "lr_disc": 0.011804050239622204, "l2_lambda_gen": 0.01734203479606396, "l2_lambda_disc": 0.017789012820182696, "batch_size": 350}