{"g_noise": 80, "g_1": 1100, "g_2": 1950, "g_3": 950, "c_1": 325, "c_2": 350, "c_3": 225, "lr_gen": 0.09820906934238027, "lr_disc": 0.06451585400108996, "l2_lambda_gen": 0.07044735189194436, "l2_lambda_disc": 0.03372530279403932, "batch_size": 50}