{"g_noise": 0, "g_1": 950, "g_2": 1700, "g_3": 1000, "c_1": 800, "c_2": 550, "c_3": 450, "lr_gen": 0.06862093369147763, "lr_disc": 0.023906552101855695, "l2_lambda_gen": 0.09346548834792687, "l2_lambda_disc": 0.07277881007286122, "batch_size": 100}