{"g_noise": 0, "g_1": 500, "g_2": 1800, "g_3": 900, "c_1": 275, "c_2": 250, "c_3": 125, "lr_gen": 0.0224903184122571, "lr_disc": 0.08897517884345929, "l2_lambda_gen": 0.06952891716529247, "l2_lambda_disc": 0.06565328476973153, "batch_size": 100}