{"g_noise": 70, "g_1": 600, "g_2": 1900, "g_3": 1000, "c_1": 700, "c_2": 500, "c_3": 400, "lr_gen": 0.08153872314328124, "lr_disc": 0.005512890466736724, "l2_lambda_gen": 0.06427935813532949, "l2_lambda_disc": 0.0010295361938660466, "batch_size": 300}