{"g_noise": 30, "g_1": 700, "g_2": 1700, "g_3": 650, "c_1": 900, "c_2": 450, "c_3": 350, "lr_gen": 0.03517582379129522, "lr_disc": 0.0012037043089260027, "l2_lambda_gen": 0.08006793837273807, "l2_lambda_disc": 0.0034644167238803807, "batch_size": 300}