{"g_noise": 80, "g_1": 750, "g_2": 1500, "g_3": 600, "c_1": 550, "c_2": 500, "c_3": 450, "lr_gen": 0.035498736176313016, "lr_disc": 0.015066154025951586, "l2_lambda_gen": 0.09024917559812086, "l2_lambda_disc": 0.0765265756109771, "batch_size": 100}