{"g_noise": 70, "g_1": 950, "g_2": 1300, "g_3": 550, "c_1": 850, "c_2": 400, "c_3": 100, "lr_gen": 0.025110998289980743, "lr_disc": 0.044227168972871295, "l2_lambda_gen": 0.08335340472597955, "l2_lambda_disc": 0.0107003190802894, "batch_size": 100}