{"g_noise": 40, "g_1": 850, "g_2": 1500, "g_3": 550, "c_1": 900, "c_2": 600, "c_3": 250, "lr_gen": 0.028170045421742302, "lr_disc": 0.032234987219476346, "l2_lambda_gen": 0.08880442793660606, "l2_lambda_disc": 0.003454560462424617, "batch_size": 150}