{"g_noise": 70, "g_1": 600, "g_2": 1300, "g_3": 500, "c_1": 200, "c_2": 325, "c_3": 200, "lr_gen": 0.08376511678429369, "lr_disc": 0.07330688397167712, "l2_lambda_gen": 0.035504494178558756, "l2_lambda_disc": 0.09731228059875412, "batch_size": 150}