{"g_noise": 10, "g_1": 850, "g_2": 1700, "g_3": 700, "c_1": 225, "c_2": 300, "c_3": 150, "lr_gen": 0.07277502000177137, "lr_disc": 0.03423035232947054, "l2_lambda_gen": 0.07881465222903107, "l2_lambda_disc": 0.08724626148337965, "batch_size": 350}