{"g_noise": 30, "g_1": 600, "g_2": 2000, "g_3": 650, "c_1": 350, "c_2": 175, "c_3": 125, "lr_gen": 0.007334608476431486, "lr_disc": 0.04940779036870622, "l2_lambda_gen": 0.06251013195428573, "l2_lambda_disc": 0.039573066990499464, "batch_size": 50}