{"g_noise": 0, "g_1": 600, "g_2": 1400, "g_3": 650, "c_1": 750, "c_2": 750, "c_3": 250, "lr_gen": 0.03439285400860525, "lr_disc": 0.020402035967738697, "l2_lambda_gen": 0.0011625470235004536, "l2_lambda_disc": 0.09061199844731752, "batch_size": 300}