{"g_noise": 40, "g_1": 950, "g_2": 2000, "g_3": 650, "c_1": 900, "c_2": 400, "c_3": 250, "lr_gen": 0.05366353443294244, "lr_disc": 0.0018293773004829444, "l2_lambda_gen": 0.001079568881931111, "l2_lambda_disc": 0.08313073310072722, "batch_size": 100}