{"g_noise": 10, "g_1": 650, "g_2": 1950, "g_3": 1100, "c_1": 500, "c_2": 325, "c_3": 125, "lr_gen": 0.006535085395221563, "lr_disc": 0.031217154263092083, "l2_lambda_gen": 0.006297815580190673, "l2_lambda_disc": 0.05734172644330438, "batch_size": 50}