{"g_noise": 100, "g_1": 500, "g_2": 2000, "g_3": 700, "c_1": 900, "c_2": 600, "c_3": 100, "lr_gen": 0.06525846971601494, "lr_disc": 0.03752259174659948, "l2_lambda_gen": 0.03417295454643912, "l2_lambda_disc": 0.007175048188069163, "batch_size": 250}